City_ID,City,Lat,Lng,Max Temp,Humidity,Cloudiness,Wind Speed,Country,Date
0,Albany,42.6001,-73.9662,78.4,70,51,5.44,US,2022-07-20 01:42:44
1,Rikitea,-23.1203,-134.9692,74.17,77,3,8.08,PF,2022-07-20 01:42:44
2,Castro,-24.7911,-50.0119,57.87,95,1,2.8,BR,2022-07-20 01:42:44
3,Bilma,18.6853,12.9164,87.31,18,28,4.09,NE,2022-07-20 01:42:45
4,Sobolevo,54.4299,31.8996,54.54,96,53,9.8,RU,2022-07-20 01:42:45
5,Jumla,29.2747,82.1838,64.44,96,100,2.24,NP,2022-07-20 01:39:04
6,Marsh Harbour,26.5412,-77.0636,81.77,78,2,10.16,BS,2022-07-20 01:42:45
7,Airai,-8.9266,125.4092,69.39,45,72,2.37,TL,2022-07-20 01:42:46
8,La Ronge,55.1001,-105.2842,80.85,29,40,14.97,CA,2022-07-20 01:42:46
9,Clyde River,70.4692,-68.5914,34.03,100,100,6.91,CA,2022-07-20 01:42:46
10,Luebo,-5.35,21.4167,67.86,87,3,1.39,CD,2022-07-20 01:42:47
11,Bluff,-46.6,168.3333,46.8,69,100,9.17,NZ,2022-07-20 01:42:47
12,Port Alfred,-33.5906,26.891,57.18,97,100,3.0,ZA,2022-07-20 01:42:47
13,Katsuura,35.1333,140.3,87.82,77,86,5.46,JP,2022-07-20 01:42:48
14,Nova Prata,-28.7839,-51.61,52.29,97,52,1.97,BR,2022-07-20 01:42:48
15,Bambous Virieux,-20.3428,57.7575,70.05,68,40,18.41,MU,2022-07-20 01:42:48
16,Port Elizabeth,-33.918,25.5701,53.89,97,75,10.36,ZA,2022-07-20 01:41:17
17,Barrow,71.2906,-156.7887,44.62,70,0,17.27,US,2022-07-20 01:42:49
18,Nisia Floresta,-6.0911,-35.2086,70.34,90,3,7.81,BR,2022-07-20 01:42:49
19,Ushuaia,-54.8,-68.3,38.86,81,75,4.61,AR,2022-07-20 01:42:49
20,Hithadhoo,-0.6,73.0833,80.35,74,100,3.69,MV,2022-07-20 01:42:50
21,San Jorge,-31.8962,-61.8598,50.27,65,0,8.12,AR,2022-07-20 01:42:50
22,Yellowknife,62.456,-114.3525,72.12,53,40,13.8,CA,2022-07-20 01:39:31
23,Grand Gaube,-20.0064,57.6608,70.2,77,94,10.0,MU,2022-07-20 01:42:51
24,San Cristobal,7.7669,-72.225,71.78,97,100,3.27,VE,2022-07-20 01:42:51
25,Thompson,55.7435,-97.8558,77.16,50,75,4.61,CA,2022-07-20 01:42:51
26,Avarua,-21.2078,-159.775,77.05,65,20,9.22,CK,2022-07-20 01:42:51
27,Carnarvon,-24.8667,113.6333,70.34,42,82,12.26,AU,2022-07-20 01:42:52
28,Bredasdorp,-34.5322,20.0403,46.04,87,13,3.38,ZA,2022-07-20 01:42:52
29,Cape Town,-33.9258,18.4232,57.38,79,20,5.99,ZA,2022-07-20 01:42:06
30,Punta Arenas,-53.15,-70.9167,35.71,87,75,43.73,CL,2022-07-20 01:38:08
31,Bengkulu,-3.8004,102.2655,80.04,81,95,1.74,ID,2022-07-20 01:42:53
32,Hermanus,-34.4187,19.2345,51.51,77,21,4.61,ZA,2022-07-20 01:42:53
33,Lazaro Cardenas,17.9583,-102.2,81.18,85,8,7.02,MX,2022-07-20 01:42:53
34,Mataura,-46.1927,168.8643,46.47,73,92,3.96,NZ,2022-07-20 01:42:54
35,Puerto Ayora,-0.7393,-90.3518,68.56,96,55,5.01,EC,2022-07-20 01:40:10
36,Half Moon Bay,37.4636,-122.4286,78.87,79,100,23.02,US,2022-07-20 01:41:39
37,Mahebourg,-20.4081,57.7,65.25,68,78,24.2,MU,2022-07-20 01:38:09
38,Guarapari,-20.6667,-40.4975,69.89,93,2,6.69,BR,2022-07-20 01:42:54
39,Busselton,-33.65,115.3333,60.26,73,100,13.98,AU,2022-07-20 01:42:54
40,Bethanien,-26.502,17.1583,44.76,87,0,3.69,NA,2022-07-20 01:42:55
41,Dingle,10.9995,122.6711,85.19,74,14,3.71,PH,2022-07-20 01:42:55
42,Nouakchott,18.0858,-15.9785,75.27,88,18,17.0,MR,2022-07-20 01:42:55
43,Lengshuitan,26.4111,111.5956,89.87,62,70,10.85,CN,2022-07-20 01:42:56
44,Faanui,-16.4833,-151.75,77.76,67,21,6.69,PF,2022-07-20 01:40:29
45,Saskylakh,71.9167,114.0833,43.86,61,100,15.35,RU,2022-07-20 01:42:56
46,Ribeira Grande,38.5167,-28.7,72.07,88,0,5.37,PT,2022-07-20 01:38:52
47,Lerwick,60.1545,-1.1494,53.6,93,100,9.42,GB,2022-07-20 01:42:57
48,Nikolskoye,59.7035,30.7861,57.09,94,55,8.55,RU,2022-07-20 01:43:57
49,Tuktoyaktuk,69.4541,-133.0374,50.0,93,100,5.75,CA,2022-07-20 01:41:10
50,Hobart,-42.8794,147.3294,48.25,72,20,8.05,AU,2022-07-20 01:43:57
51,Bandarbeyla,9.4942,50.8122,77.49,64,85,31.03,SO,2022-07-20 01:43:58
52,Sao Felix Do Xingu,-6.6447,-51.995,76.53,50,76,1.86,BR,2022-07-20 01:43:58
53,Kodiak,57.79,-152.4072,56.71,67,100,6.91,US,2022-07-20 01:43:58
54,Pangnirtung,66.1451,-65.7125,47.77,85,100,3.09,CA,2022-07-20 01:43:58
55,Millington,35.3415,-89.8973,89.73,74,20,9.22,US,2022-07-20 01:40:29
56,Fort Nelson,58.8053,-122.7002,71.19,35,75,17.27,CA,2022-07-20 01:43:59
57,Byron Bay,-28.65,153.6167,57.94,64,100,14.74,AU,2022-07-20 01:43:59
58,Ningxiang,37.34,111.2052,69.01,62,11,5.5,CN,2022-07-20 01:44:00
59,Geraldton,-28.7667,114.6,66.11,52,89,16.91,AU,2022-07-20 01:44:00
60,Linjiang,41.8069,126.9078,81.1,62,82,2.04,CN,2022-07-20 01:40:36
61,Hilo,19.7297,-155.09,85.28,71,40,10.36,US,2022-07-20 01:44:00
62,Puerto Montt,-41.4698,-72.9447,47.19,96,100,13.76,CL,2022-07-20 01:44:01
63,Torbay,47.6666,-52.7314,63.28,95,100,18.41,CA,2022-07-20 01:44:01
64,Sept-Iles,50.2001,-66.3821,63.12,90,100,2.3,CA,2022-07-20 01:39:29
65,Veraval,20.9,70.3667,80.71,85,96,16.08,IN,2022-07-20 01:44:01
66,Qaanaaq,77.484,-69.3632,40.93,75,95,2.04,GL,2022-07-20 01:44:02
67,Atar,20.5169,-13.0499,86.72,40,0,9.95,MR,2022-07-20 01:44:02
68,Upernavik,72.7868,-56.1549,45.19,76,81,2.35,GL,2022-07-20 01:39:33
69,Tiksi,71.6872,128.8694,34.92,96,100,14.41,RU,2022-07-20 01:39:57
70,Severo-Kurilsk,50.6789,156.125,51.64,98,99,16.13,RU,2022-07-20 01:44:03
71,San Quintin,30.4833,-115.95,70.7,77,60,9.66,MX,2022-07-20 01:44:03
72,Horta,38.5333,-28.6333,71.24,88,0,5.75,PT,2022-07-20 01:44:03
73,Mehamn,71.0357,27.8492,55.45,82,100,4.29,NO,2022-07-20 01:44:04
74,Mayo,38.8876,-76.5119,82.98,83,0,1.01,US,2022-07-20 01:44:04
75,Klaksvik,62.2266,-6.589,50.92,97,87,9.06,FO,2022-07-20 01:44:04
76,Ajdabiya,30.7554,20.2263,74.23,54,0,12.62,LY,2022-07-20 01:44:05
77,Cidreira,-30.1811,-50.2056,57.65,90,8,5.46,BR,2022-07-20 01:41:52
78,New Norfolk,-42.7826,147.0587,45.91,55,3,1.01,AU,2022-07-20 01:44:05
79,Pimenta Bueno,-11.6725,-61.1936,73.27,40,3,4.45,BR,2022-07-20 01:44:05
80,Rio De Janeiro,-22.9028,-43.2075,74.53,90,75,9.22,BR,2022-07-20 01:40:48
81,Westport,41.1415,-73.3579,86.09,71,0,5.75,US,2022-07-20 01:41:41
82,Ola,59.5833,151.2833,75.15,86,65,9.24,RU,2022-07-20 01:44:06
83,Aksarka,66.5606,67.7975,63.0,62,49,10.29,RU,2022-07-20 01:42:22
84,Codrington,-38.2667,141.9667,51.03,56,0,3.02,AU,2022-07-20 01:44:06
85,Weatherford,32.7593,-97.7972,104.16,27,5,1.99,US,2022-07-20 01:44:07
86,Kisarawe,-6.9,39.0667,67.8,94,20,5.75,TZ,2022-07-20 01:44:07
87,Palauig,15.435,119.9045,86.4,67,16,1.01,PH,2022-07-20 01:44:07
88,Eufaula,31.8913,-85.1455,82.44,83,0,0.0,US,2022-07-20 01:44:08
89,Yulara,-25.2406,130.9889,64.11,29,0,13.82,AU,2022-07-20 01:41:19
90,Yerbogachen,61.2767,108.0108,71.04,56,71,5.1,RU,2022-07-20 01:44:08
91,Chelno-Vershiny,54.4333,51.1,55.02,89,25,7.16,RU,2022-07-20 01:44:09
92,Seoul,37.5683,126.9778,83.59,72,0,4.61,KR,2022-07-20 01:43:02
93,Karlstad,59.3793,13.5036,55.96,84,100,2.3,SE,2022-07-20 01:45:09
94,Pangai,-19.8,-174.35,77.4,77,1,19.69,TO,2022-07-20 01:45:09
95,Sitka,57.0531,-135.33,55.29,88,100,11.5,US,2022-07-20 01:45:10
96,Muros,42.7762,-9.0603,65.08,89,85,3.24,ES,2022-07-20 01:41:18
97,Arraial Do Cabo,-22.9661,-42.0278,69.58,90,0,12.59,BR,2022-07-20 01:45:10
98,Yangambi,0.8102,24.4336,66.31,98,88,0.31,CD,2022-07-20 01:45:11
99,Olafsvik,64.8945,-23.7142,50.68,81,58,11.95,IS,2022-07-20 01:41:31
100,Ploemeur,47.7333,-3.4333,65.82,93,75,4.61,FR,2022-07-20 01:45:11
101,Batagay-Alyta,67.8006,130.4114,36.61,94,100,5.59,RU,2022-07-20 01:45:12
102,Stolin,51.8912,26.846,59.79,88,96,5.97,BY,2022-07-20 01:45:12
103,Matara,5.9485,80.5353,80.4,82,100,12.28,LK,2022-07-20 01:45:12
104,Tessalit,20.1986,1.0114,88.41,38,89,7.16,ML,2022-07-20 01:45:13
105,Kanniyakumari,8.0833,77.5667,78.98,83,100,16.51,IN,2022-07-20 01:45:13
106,Vestmannaeyjar,63.4427,-20.2734,51.73,87,88,13.11,IS,2022-07-20 01:45:13
107,Jamestown,42.097,-79.2353,76.64,73,0,5.75,US,2022-07-20 01:44:46
108,Lebu,-37.6167,-73.65,47.84,86,25,3.27,CL,2022-07-20 01:45:14
109,Alofi,-19.0595,-169.9187,76.75,73,5,23.96,NU,2022-07-20 01:45:14
110,Husavik,66.0449,-17.3389,46.27,95,100,7.47,IS,2022-07-20 01:40:39
111,Chebenki,51.9337,55.7077,60.55,80,95,5.23,RU,2022-07-20 01:45:15
112,Mananjary,-21.2167,48.3333,66.69,79,61,5.03,MG,2022-07-20 01:45:15
113,Gavle,60.6745,17.1417,55.17,92,21,5.86,SE,2022-07-20 01:45:15
114,Hasaki,35.7333,140.8333,88.29,78,96,3.89,JP,2022-07-20 01:45:16
115,Paracuru,-3.41,-39.0306,78.39,82,18,13.38,BR,2022-07-20 01:45:16
116,Vershino-Darasunskiy,52.35,115.5167,76.73,42,99,7.47,RU,2022-07-20 01:45:16
117,San Patricio,28.017,-97.5169,88.54,73,0,18.63,US,2022-07-20 01:43:07
118,Beringovskiy,63.05,179.3167,54.27,67,64,25.03,RU,2022-07-20 01:45:17
119,Aquiraz,-3.9014,-38.3911,78.89,86,17,11.92,BR,2022-07-20 01:45:17
120,Porecatu,-22.7558,-51.3792,68.05,72,1,5.48,BR,2022-07-20 01:45:17
121,Mercedes,-34.6515,-59.4307,48.78,80,2,7.9,AR,2022-07-20 01:45:18
122,Saint George,37.1041,-113.5841,106.39,15,0,11.5,US,2022-07-20 01:45:18
123,Galle,6.0367,80.217,80.04,84,94,15.19,LK,2022-07-20 01:45:18
124,Sistranda,63.7256,8.834,57.16,86,100,22.35,NO,2022-07-20 01:45:19
125,Bethel,41.3712,-73.414,82.65,73,0,4.61,US,2022-07-20 01:45:19
126,Dunedin,-45.8742,170.5036,44.56,86,100,6.71,NZ,2022-07-20 01:45:19
127,Kysyl-Syr,63.8986,122.7617,64.09,62,89,9.44,RU,2022-07-20 01:45:20
128,Gasa,31.5,34.4667,77.7,76,0,2.19,PS,2022-07-20 01:45:20
129,Kushima,31.4583,131.2333,88.18,69,96,11.25,JP,2022-07-20 01:45:20
130,Ponta Pora,-22.5361,-55.7256,71.28,56,100,7.9,BR,2022-07-20 01:45:21
131,Butaritari,3.0707,172.7902,82.63,76,97,15.08,KI,2022-07-20 01:45:21
132,Vao,-22.6667,167.4833,74.07,89,99,14.18,NC,2022-07-20 01:45:21
133,Makakilo City,21.3469,-158.0858,81.68,62,9,18.07,US,2022-07-20 01:45:22
134,Moerai,-22.4333,-151.3333,72.05,83,93,25.52,PF,2022-07-20 01:45:22
135,Road Town,18.4167,-64.6167,81.77,78,2,20.49,VG,2022-07-20 01:40:38
136,Mokhsogollokh,61.4681,128.9203,77.27,59,99,3.27,RU,2022-07-20 01:45:22
137,Tilichiki,60.4667,166.1,57.61,80,100,6.89,RU,2022-07-20 01:46:23
138,Cabo San Lucas,22.8909,-109.9124,82.63,74,85,9.26,MX,2022-07-20 01:44:34
139,Kpandu,6.9954,0.2931,69.75,84,11,6.24,GH,2022-07-20 01:46:23
140,Lagoa,39.05,-27.9833,71.06,87,0,9.01,PT,2022-07-20 01:46:23
141,Talnakh,69.4865,88.3972,56.21,46,100,3.22,RU,2022-07-20 01:46:24
142,Kapaa,22.0752,-159.319,84.18,80,100,17.27,US,2022-07-20 01:46:24
143,Querendaro,19.8667,-100.9167,61.59,88,100,1.28,MX,2022-07-20 01:46:25
144,Araouane,18.9048,-3.5265,88.56,40,98,9.22,ML,2022-07-20 01:46:25
145,Asfi,32.2994,-9.2372,70.54,78,6,17.02,MA,2022-07-20 01:46:25
146,Provideniya,64.3833,-173.3,53.71,62,0,8.99,RU,2022-07-20 01:41:58
147,Bermeo,43.4209,-2.7215,71.8,81,21,2.06,ES,2022-07-20 01:46:26
148,Atuona,-9.8,-139.0333,77.68,72,36,11.83,PF,2022-07-20 01:46:26
149,Fukue,32.6881,128.8419,77.36,100,75,2.3,JP,2022-07-20 01:46:26
150,Cibitoke,-2.8833,29.25,61.57,61,96,3.42,BI,2022-07-20 01:46:27
151,Fortuna,40.5982,-124.1573,64.85,74,26,5.53,US,2022-07-20 01:46:27
152,Omboue,-1.5746,9.2618,72.05,86,100,6.29,GA,2022-07-20 01:46:27
153,Kavieng,-2.5744,150.7967,82.78,73,99,7.74,PG,2022-07-20 01:46:28
154,Vardo,70.3705,31.1107,53.58,100,100,6.91,NO,2022-07-20 01:46:28
155,Baghdad,33.3406,44.4009,85.91,21,0,8.05,IQ,2022-07-20 01:41:58
156,Padang,-0.9492,100.3543,80.35,82,100,1.28,ID,2022-07-20 01:41:49
157,Samsun,41.25,36.3333,68.76,69,40,11.5,TR,2022-07-20 01:46:28
158,Caranavi,-15.8167,-67.55,62.33,97,97,1.66,BO,2022-07-20 01:46:29
159,Hami,42.8,93.45,79.03,24,100,23.71,CN,2022-07-20 01:46:29
160,Cockburn Town,21.4612,-71.1419,82.08,78,2,20.2,TC,2022-07-20 01:42:17
161,Zhanakorgan,43.9098,67.2495,84.02,24,0,12.26,KZ,2022-07-20 01:46:29
162,Soyo,-6.1349,12.3689,69.89,92,41,5.37,AO,2022-07-20 01:46:30
163,Uyuni,-20.4597,-66.825,43.79,40,74,2.21,BO,2022-07-20 01:46:30
164,Sakakah,29.9697,40.2064,90.97,16,3,4.85,SA,2022-07-20 01:46:30
165,Bollnas,61.3482,16.3946,54.39,75,68,2.37,SE,2022-07-20 01:46:31
166,Meiganga,6.5167,14.3,63.18,99,100,2.57,CM,2022-07-20 01:46:31
167,Guerrero Negro,27.9769,-114.0611,73.04,68,7,15.5,MX,2022-07-20 01:46:31
168,Tasiilaq,65.6145,-37.6368,37.56,88,60,4.0,GL,2022-07-20 01:46:32
169,Beloha,-25.1667,45.05,61.27,65,0,8.99,MG,2022-07-20 01:44:46
170,Yatou,37.15,122.3833,77.81,79,100,3.38,CN,2022-07-20 01:46:32
171,Ewa Beach,21.3156,-158.0072,85.95,56,40,12.66,US,2022-07-20 01:46:33
172,Graaff-Reinet,-32.2522,24.5308,48.92,95,100,6.24,ZA,2022-07-20 01:46:33
173,East London,-33.0153,27.9116,63.36,85,95,18.25,ZA,2022-07-20 01:46:33
174,Grindavik,63.8424,-22.4338,53.55,93,0,8.05,IS,2022-07-20 01:46:34
175,Pasighat,28.0667,95.3333,78.44,97,100,1.48,IN,2022-07-20 01:46:34
176,Vila Franca Do Campo,37.7167,-25.4333,68.76,90,83,5.3,PT,2022-07-20 01:46:34
177,Flin Flon,54.7682,-101.865,73.65,56,74,3.89,CA,2022-07-20 01:46:35
178,Biysk,52.5364,85.2072,64.13,67,34,9.28,RU,2022-07-20 01:46:35
179,San Jeronimo,-11.9472,-75.2829,45.23,75,6,4.32,PE,2022-07-20 01:46:35
180,Afua,-0.1567,-50.3867,74.21,94,98,4.74,BR,2022-07-20 01:46:36
181,Iqaluit,63.7506,-68.5145,40.73,93,100,3.44,CA,2022-07-20 01:47:36
182,Bela Pod Bezdezem,50.5012,14.8042,68.25,69,22,2.95,CZ,2022-07-20 01:47:36
183,Comodoro Rivadavia,-45.8667,-67.5,49.86,57,0,18.41,AR,2022-07-20 01:43:16
184,Aklavik,68.2191,-135.0107,66.69,52,100,10.25,CA,2022-07-20 01:47:37
185,Chokurdakh,70.6333,147.9167,48.9,58,100,7.36,RU,2022-07-20 01:47:37
186,Mosquera,4.7059,-74.2302,52.47,87,100,5.44,CO,2022-07-20 01:42:54
187,Copiapo,-27.3667,-70.3333,65.32,39,3,2.55,CL,2022-07-20 01:47:37
188,Horizonte,-4.1,-38.4833,72.59,92,51,2.91,BR,2022-07-20 01:47:38
189,Nome,64.5011,-165.4064,46.47,66,75,12.66,US,2022-07-20 01:47:14
190,Havre-Saint-Pierre,50.2334,-63.5986,64.76,94,100,6.91,CA,2022-07-20 01:47:38
191,Tutoia,-2.7619,-42.2744,79.52,84,74,9.71,BR,2022-07-20 01:47:39
192,Solnechnyy,50.7214,136.6319,57.58,95,100,4.0,RU,2022-07-20 01:47:39
193,Aureliana,10.8885,121.978,84.11,72,12,3.58,PH,2022-07-20 01:47:39
194,Vaini,-21.2,-175.2,77.16,83,20,12.66,TO,2022-07-20 01:43:42
195,Ponta Delgada,37.7333,-25.6667,74.5,94,75,6.91,PT,2022-07-20 01:47:40
196,Panama City,8.9936,-79.5197,80.29,92,40,6.91,PA,2022-07-20 01:45:21
197,Caravelas,-17.7125,-39.2481,70.12,89,5,4.68,BR,2022-07-20 01:47:40
198,Calama,-22.4667,-68.9333,57.69,11,100,5.75,CL,2022-07-20 01:47:40
199,Vila Velha,-20.3297,-40.2925,69.94,93,0,3.44,BR,2022-07-20 01:42:57
200,Roma,43.2128,-75.4557,77.14,85,0,4.61,US,2022-07-20 01:42:41
201,Tura,25.5198,90.2201,75.33,98,100,6.73,IN,2022-07-20 01:47:41
202,Xaxim,-26.9617,-52.5347,55.2,99,24,2.62,BR,2022-07-20 01:47:41
203,Cherskiy,68.75,161.3,46.11,60,86,11.88,RU,2022-07-20 01:47:42
204,Alice Springs,-23.7,133.8833,62.15,34,2,11.5,AU,2022-07-20 01:47:42
205,Tamandare,-8.7597,-35.1047,73.69,82,3,8.32,BR,2022-07-20 01:47:42
206,Hervey Bay,-25.2986,152.8535,69.03,68,75,7.0,AU,2022-07-20 01:47:42
207,Tezu,27.9167,96.1667,78.62,96,100,0.43,IN,2022-07-20 01:47:43
208,Terrace Bay,48.7834,-87.1,58.75,91,95,13.15,CA,2022-07-20 01:47:43
209,La Romana,18.4273,-68.9728,79.16,83,20,6.91,DO,2022-07-20 01:47:09
210,Kenai,60.5544,-151.2583,54.09,88,100,11.5,US,2022-07-20 01:46:37
211,Lompoc,34.6391,-120.4579,88.79,78,0,17.27,US,2022-07-20 01:43:21
212,Dalnegorsk,44.5604,135.5701,68.92,89,100,2.91,RU,2022-07-20 01:47:44
213,Luau,-10.7073,22.2247,59.07,43,5,5.46,AO,2022-07-20 01:47:44
214,Acapulco,16.8634,-99.8901,81.48,84,24,4.68,MX,2022-07-20 01:47:44
215,Kyra,49.5776,111.9753,75.4,48,99,3.0,RU,2022-07-20 01:47:45
216,Khatanga,71.9667,102.5,48.36,50,100,19.33,RU,2022-07-20 01:47:45
217,The Valley,18.217,-63.0578,82.26,78,0,19.86,AI,2022-07-20 01:47:45
218,Letham,56.6167,-2.7667,63.64,93,35,1.23,GB,2022-07-20 01:47:46
219,Victoria,22.2855,114.1577,89.96,77,99,8.99,HK,2022-07-20 01:47:24
220,Porbandar,21.6422,69.6093,81.21,85,94,15.68,IN,2022-07-20 01:47:46
221,Chuy,-33.6971,-53.4616,44.98,90,0,5.53,UY,2022-07-20 01:47:46
222,Midland,31.9974,-102.0779,101.8,18,100,8.99,US,2022-07-20 01:44:28
223,Japura,-0.3167,102.35,79.63,89,100,3.11,ID,2022-07-20 01:47:47
224,Turayf,31.6725,38.6637,80.85,41,0,11.5,SA,2022-07-20 01:47:47
225,Bathsheba,13.2167,-59.5167,80.06,93,37,15.79,BB,2022-07-20 01:47:47
226,Olean,42.0776,-78.4297,81.18,83,0,0.0,US,2022-07-20 01:44:46
227,Ambilobe,-13.2,49.05,67.62,59,0,8.32,MG,2022-07-20 01:48:48
228,Port Hardy,50.6996,-127.4199,60.98,77,20,13.8,CA,2022-07-20 01:48:48
229,Norman Wells,65.282,-126.8329,72.18,38,8,7.81,CA,2022-07-20 01:48:49
230,Necochea,-38.5473,-58.7368,49.05,42,0,17.87,AR,2022-07-20 01:48:07
231,Lata,40.1629,-8.3327,55.85,97,5,3.11,PT,2022-07-20 01:48:49
232,Udachnyy,66.4167,112.4,48.45,87,100,13.6,RU,2022-07-20 01:48:49
233,Balabac,7.9868,117.0645,84.92,71,9,10.2,PH,2022-07-20 01:48:50
234,Hobyo,5.3505,48.5268,74.19,79,100,24.36,SO,2022-07-20 01:48:50
235,Arman,59.7,150.1667,75.02,72,40,5.57,RU,2022-07-20 01:48:50
236,Dikson,73.5069,80.5464,46.27,69,100,13.13,RU,2022-07-20 01:48:50
237,Lavrentiya,65.5833,-171.0,43.2,66,98,9.66,RU,2022-07-20 01:48:51
238,Bavly,54.393,53.2602,56.57,90,12,7.27,RU,2022-07-20 01:48:51
239,Cap Malheureux,-19.9842,57.6142,65.46,76,91,8.99,MU,2022-07-20 01:48:51
240,Hamilton,39.1834,-84.5333,81.81,73,0,5.75,US,2022-07-20 01:44:32
241,Caxito,-8.5785,13.6643,65.8,97,13,1.52,AO,2022-07-20 01:48:52
242,Jiazi,22.8779,116.067,86.25,76,56,7.25,CN,2022-07-20 01:48:52
243,Pacific Grove,36.6177,-121.9166,79.56,85,40,8.05,US,2022-07-20 01:48:52
244,Canmore,51.0834,-115.3521,78.91,31,0,13.22,CA,2022-07-20 01:45:26
245,Cabra,37.4725,-4.4421,74.66,43,0,1.79,ES,2022-07-20 01:44:43
246,Hailar,49.2,119.7,78.69,47,0,2.35,CN,2022-07-20 01:48:53
247,Bubaque,11.2833,-15.8333,78.57,83,100,16.28,GW,2022-07-20 01:48:53
248,Derzhavinsk,51.1,66.3167,75.79,37,97,16.31,KZ,2022-07-20 01:48:54
249,Bima,-8.4667,118.7167,84.69,51,17,5.53,ID,2022-07-20 01:48:54
250,Mar Del Plata,-38.0023,-57.5575,48.09,74,0,15.99,AR,2022-07-20 01:46:50
251,Mapiri,-15.25,-68.1667,66.22,97,100,1.25,BO,2022-07-20 01:48:54
252,Alta Floresta,-9.8756,-56.0861,69.91,42,2,3.36,BR,2022-07-20 01:48:55
253,Fayaoue,-20.65,166.5333,77.54,82,100,8.68,NC,2022-07-20 01:48:55
254,Evanston,42.0411,-87.6901,83.23,64,53,5.01,US,2022-07-20 01:48:54
255,Esperance,-33.8667,121.9,58.64,73,100,14.56,AU,2022-07-20 01:48:56
256,Teguise,29.0605,-13.564,70.02,78,0,25.32,ES,2022-07-20 01:48:56
257,Shimoda,34.6667,138.95,86.36,72,84,6.96,JP,2022-07-20 01:48:56
258,Ambovombe,-25.1667,46.0833,60.44,78,0,4.74,MG,2022-07-20 01:48:57
259,Mikuni,36.2171,136.1519,78.71,75,100,6.17,JP,2022-07-20 01:48:57
260,Sidi Ali,36.0998,0.4206,71.31,91,4,2.24,DZ,2022-07-20 01:48:57
261,Pampas,-12.4,-74.9,45.21,91,19,3.65,PE,2022-07-20 01:48:58
262,Sinnamary,5.3833,-52.95,77.02,85,51,9.1,GF,2022-07-20 01:48:58
263,General Pico,-35.6566,-63.7568,45.68,67,4,9.17,AR,2022-07-20 01:48:58
264,Cakovec,46.3844,16.4339,62.71,51,0,2.08,HR,2022-07-20 01:48:58
265,Kibara,-2.15,33.45,67.23,64,49,13.09,TZ,2022-07-20 01:48:59
266,Sampit,-2.5333,112.95,83.16,70,10,4.36,ID,2022-07-20 01:48:59
267,Ahipara,-35.1667,173.1667,59.2,79,34,9.44,NZ,2022-07-20 01:48:59
268,Luena,-11.7833,19.9167,48.85,58,3,4.81,AO,2022-07-20 01:49:00
269,Shingu,33.7333,135.9833,89.44,51,70,7.67,JP,2022-07-20 01:49:00
270,Kopervik,59.2835,5.3067,71.74,49,20,13.8,NO,2022-07-20 01:49:00
271,Gerash,27.6652,54.1371,87.03,50,12,1.72,IR,2022-07-20 01:49:01
272,Sinjai,-5.1241,120.253,80.92,83,67,5.82,ID,2022-07-20 01:49:01
273,Biak,-0.9131,122.8766,81.09,73,87,3.8,ID,2022-07-20 01:50:01
274,Palmares Do Sul,-30.2578,-50.5097,55.08,93,0,5.14,BR,2022-07-20 01:50:02
275,Lianran,24.9227,102.485,59.54,87,95,3.18,CN,2022-07-20 01:50:02
276,Tigil,57.8,158.6667,72.34,53,83,16.08,RU,2022-07-20 01:50:02
277,Paciran,-6.8767,112.3761,82.4,70,57,11.48,ID,2022-07-20 01:50:03
278,La Ciotat,43.1748,5.6045,79.81,65,0,0.51,FR,2022-07-20 01:50:03
279,Nishihara,26.1842,127.7558,89.26,77,40,10.36,JP,2022-07-20 01:50:03
280,Kawalu,-7.3817,108.2082,79.41,72,82,2.39,ID,2022-07-20 01:50:04
281,Ulaanbaatar,47.9077,106.8832,66.33,52,20,6.71,MN,2022-07-20 01:49:18
282,Eyl,7.9803,49.8164,76.17,59,94,24.36,SO,2022-07-20 01:50:04
283,Alekseyevsk,57.8406,108.3492,60.26,97,100,6.51,RU,2022-07-20 01:50:04
284,Bandundu,-3.3167,17.3667,74.07,75,31,3.09,CD,2022-07-20 01:50:05
285,Asau,46.4333,26.4,64.96,83,48,3.87,RO,2022-07-20 01:50:05
286,Kumluca,36.3703,30.2869,82.51,46,0,7.07,TR,2022-07-20 01:50:05
287,Vuktyl,63.8567,57.3094,67.24,58,20,13.8,RU,2022-07-20 01:50:06
288,Georgetown,5.4112,100.3354,85.93,88,20,5.01,MY,2022-07-20 01:49:12
289,Longyearbyen,78.2186,15.6401,49.55,91,100,0.51,SJ,2022-07-20 01:50:06
290,Vieste,41.8825,16.175,76.51,47,0,6.78,IT,2022-07-20 01:50:07
291,Lorengau,-2.0226,147.2712,83.7,69,100,6.85,PG,2022-07-20 01:50:07
292,Port Lincoln,-34.7333,135.8667,52.32,56,88,14.63,AU,2022-07-20 01:45:59
293,Salinopolis,-0.6136,-47.3561,78.51,83,95,9.46,BR,2022-07-20 01:48:55
294,Pontefract,53.6911,-1.3127,75.85,56,96,6.44,GB,2022-07-20 01:50:07
295,Oussouye,12.485,-16.5469,77.18,87,100,10.09,SN,2022-07-20 01:50:08
296,Karratha,-20.7377,116.8463,75.2,30,0,14.99,AU,2022-07-20 01:50:08
297,Gushikawa,26.3544,127.8686,89.19,73,40,10.36,JP,2022-07-20 01:50:08
298,Ulaangom,49.9811,92.0667,63.37,42,65,8.48,MN,2022-07-20 01:50:09
299,Ginir,7.1333,40.7,54.46,82,45,12.06,ET,2022-07-20 01:50:09
300,Jalu,29.0331,21.5482,74.41,42,0,9.71,LY,2022-07-20 01:50:09
301,Cudahy,33.9606,-118.1853,99.07,50,0,10.36,US,2022-07-20 01:50:10
302,Kruisfontein,-34.0033,24.7314,50.88,91,100,6.82,ZA,2022-07-20 01:50:10
303,Milas,37.3164,27.7839,71.74,49,0,5.93,TR,2022-07-20 01:50:10
304,Saint-Augustin,51.226,-58.6502,54.28,93,100,21.0,CA,2022-07-20 01:50:11
305,Saint-Philippe,-21.3585,55.7679,70.21,74,52,19.57,RE,2022-07-20 01:50:11
306,Nouadhibou,20.931,-17.0347,67.98,94,100,12.66,MR,2022-07-20 01:50:11
307,Gizo,-8.103,156.8419,83.8,66,27,2.89,SB,2022-07-20 01:50:12
308,North Bend,43.4065,-124.2243,73.24,91,100,11.5,US,2022-07-20 01:50:12
309,Pontianak,-0.0333,109.3333,86.07,66,5,2.51,ID,2022-07-20 01:45:27
310,Impfondo,1.6381,18.0667,68.76,98,98,1.59,CG,2022-07-20 01:50:12
311,Rjukan,59.8789,8.5941,57.45,74,100,4.9,NO,2022-07-20 01:50:13
312,Portland,45.5234,-122.6762,90.55,40,0,10.36,US,2022-07-20 01:49:26
313,Goias,-15.5807,-49.6362,67.6,46,14,4.16,BR,2022-07-20 01:46:09
314,Aasiaat,68.7098,-52.8699,38.43,98,100,7.05,GL,2022-07-20 01:50:13
315,Chifeng,42.2683,118.9636,81.7,46,95,2.64,CN,2022-07-20 01:50:14
316,Yeniseysk,58.4497,92.1703,59.04,92,99,5.7,RU,2022-07-20 01:50:14
317,Yar-Sale,66.8333,70.8333,61.65,61,97,5.7,RU,2022-07-20 01:51:14
318,Pevek,69.7008,170.3133,32.45,97,100,13.73,RU,2022-07-20 01:46:34
319,Natividade,-21.0422,-41.9733,63.97,82,95,2.62,BR,2022-07-20 01:51:15
320,Sabha,27.0377,14.4283,78.55,36,2,12.01,LY,2022-07-20 01:51:15
321,Havoysund,70.9963,24.6622,52.03,91,100,1.28,NO,2022-07-20 01:51:15
322,Northam,51.0333,-4.2167,64.38,94,77,8.23,GB,2022-07-20 01:51:16
323,Toyooka,35.5333,134.8333,80.65,89,75,2.3,JP,2022-07-20 01:51:16
324,Chicama,-7.8447,-79.1469,59.54,85,62,6.15,PE,2022-07-20 01:51:16
325,Storforshei,66.4043,14.5233,47.66,93,75,0.0,NO,2022-07-20 01:51:16
326,Gao,16.6362,1.637,83.44,53,100,10.27,ML,2022-07-20 01:51:17
327,Cayenne,4.9333,-52.3333,76.08,1,0,0.0,GF,2022-07-20 01:51:17
328,Lawrenceburg,38.0373,-84.8966,82.98,82,0,0.0,US,2022-07-20 01:51:17
329,Narsaq,60.9167,-46.05,49.14,91,100,2.66,GL,2022-07-20 01:51:18
330,Mookane,-23.688,26.6595,57.56,64,100,4.99,BW,2022-07-20 01:51:18
331,Mackay,-21.15,149.2,72.68,78,100,14.07,AU,2022-07-20 01:51:18
332,Poum,-20.2333,164.0167,75.97,84,100,8.08,NC,2022-07-20 01:48:53
333,Virginia Beach,36.8529,-75.978,83.01,77,75,5.75,US,2022-07-20 01:51:19
334,Likhoslavl,57.1275,35.464,52.03,98,100,5.68,RU,2022-07-20 01:51:19
335,Traverse City,44.7631,-85.6206,83.84,58,95,11.99,US,2022-07-20 01:48:36
336,Wanning,18.8003,110.3967,84.16,80,63,7.58,CN,2022-07-20 01:51:19
337,Nanortalik,60.1432,-45.2371,46.85,95,99,9.73,GL,2022-07-20 01:46:32
338,Dali,25.7,100.1833,64.26,97,100,1.86,CN,2022-07-20 01:51:20
339,Dafeng,23.4517,108.5881,86.63,69,100,9.28,CN,2022-07-20 01:51:20
340,Tahe,52.3333,124.7333,81.82,51,3,1.83,CN,2022-07-20 01:51:21
341,Yumen,40.2833,97.2,75.58,25,100,14.7,CN,2022-07-20 01:51:21
342,Yima,34.7381,111.8839,74.03,67,26,10.56,CN,2022-07-20 01:51:21
343,Inhambupe,-11.7844,-38.3531,64.18,95,10,3.76,BR,2022-07-20 01:48:15
344,Kasongo,-4.45,26.6667,69.3,70,34,3.2,CD,2022-07-20 01:51:22
345,Sao Filipe,14.8961,-24.4956,77.72,81,65,5.91,CV,2022-07-20 01:51:22
346,Los Llanos De Aridane,28.6585,-17.9182,68.97,74,18,12.84,ES,2022-07-20 01:51:22
347,Manggar,-2.8833,108.2667,83.55,77,54,13.76,ID,2022-07-20 01:51:23
348,Pisco,-13.7,-76.2167,58.95,90,77,1.39,PE,2022-07-20 01:51:23
349,Olinda,-8.0089,-34.8553,74.93,78,75,8.05,BR,2022-07-20 01:50:38
350,Finkenstein,46.5623,13.8709,67.91,79,0,1.32,AT,2022-07-20 01:51:23
351,Launceston,-41.45,147.1667,50.14,69,40,4.61,AU,2022-07-20 01:50:37
352,Antalaha,-14.9003,50.2788,67.05,86,23,10.07,MG,2022-07-20 01:51:24
353,Moussoro,13.6408,16.4901,74.59,80,100,18.9,TD,2022-07-20 01:51:24
354,Sharlyk,52.9167,54.75,59.5,85,0,5.53,RU,2022-07-20 01:51:24
355,Harper,4.375,-7.7169,73.81,72,93,7.58,LR,2022-07-20 01:47:08
356,Tupik,54.4253,119.9327,74.84,61,53,3.69,RU,2022-07-20 01:51:25
357,Corner Brook,48.9667,-57.9484,66.36,99,100,5.46,CA,2022-07-20 01:47:50
358,Rawson,-43.3002,-65.1023,53.87,58,88,18.92,AR,2022-07-20 01:51:25
359,Oda,35.1833,132.5,81.37,67,75,11.05,JP,2022-07-20 01:51:26
360,Asyut,27.181,31.1837,82.58,30,0,6.64,EG,2022-07-20 01:51:26
361,Tadine,-21.55,167.8833,77.97,79,100,11.07,NC,2022-07-20 01:51:26
362,Durazno,-33.4131,-56.5006,45.12,94,0,8.23,UY,2022-07-20 01:51:27
363,Pocone,-16.2567,-56.6228,71.56,30,7,2.77,BR,2022-07-20 01:51:27
364,Kanye,-24.9667,25.3327,52.7,59,100,3.71,BW,2022-07-20 01:52:27
365,Shenjiamen,29.9576,122.298,79.83,88,96,16.6,CN,2022-07-20 01:52:28
366,Kihei,20.785,-156.4656,87.82,45,40,18.41,US,2022-07-20 01:52:28
367,Port Keats,-14.25,129.55,84.45,37,12,4.34,AU,2022-07-20 01:52:28
368,Lacaron,6.4489,125.5792,83.21,80,42,4.94,PH,2022-07-20 01:52:28
369,Monrovia,6.3005,-10.7969,75.83,79,100,9.4,LR,2022-07-20 01:52:29
370,Jiuquan,39.7432,98.5174,77.49,24,91,6.29,CN,2022-07-20 01:52:29
371,Ponta Do Sol,32.6667,-17.1,70.43,79,21,7.09,PT,2022-07-20 01:52:29
372,Raudeberg,61.9875,5.1352,65.07,87,96,26.57,NO,2022-07-20 01:52:30
373,Bowen,-20.0167,148.2333,70.93,69,63,16.78,AU,2022-07-20 01:49:36
374,Sorland,67.667,12.6934,53.46,86,100,11.63,NO,2022-07-20 01:52:30
375,Doka,13.5167,35.7667,71.96,86,100,10.36,SD,2022-07-20 01:52:31
376,Algiers,36.7525,3.042,71.42,94,75,2.3,DZ,2022-07-20 01:52:31
377,Kogon,39.7228,64.5517,78.84,38,0,13.8,UZ,2022-07-20 01:52:31
378,Plettenberg Bay,-34.0527,23.3716,54.23,83,100,6.76,ZA,2022-07-20 01:52:31
379,Holme,56.1138,10.1725,68.18,64,7,9.04,DK,2022-07-20 01:52:32
380,Constitucion,-35.3333,-72.4167,47.41,62,0,7.31,CL,2022-07-20 01:52:32
381,Boyolangu,-8.1181,111.8935,78.62,74,22,4.27,ID,2022-07-20 01:52:32
382,Kaduy,59.2,37.15,52.83,87,100,7.78,RU,2022-07-20 01:52:33
383,Cotonou,6.3654,2.4183,74.84,79,43,10.29,BJ,2022-07-20 01:52:33
384,Thunder Bay,48.4001,-89.3168,60.78,94,100,18.41,CA,2022-07-20 01:50:32
385,Malpe,13.35,74.7167,76.3,87,64,3.31,IN,2022-07-20 01:52:34
386,Pleven,43.4167,24.6167,63.16,38,0,3.78,BG,2022-07-20 01:52:34
387,Wasilla,61.5814,-149.4394,51.94,94,100,3.44,US,2022-07-20 01:52:34
388,Lakes Entrance,-37.8811,147.981,50.16,51,65,3.02,AU,2022-07-20 01:52:34
389,Bozoum,6.3193,16.3799,65.93,98,100,4.16,CF,2022-07-20 01:52:35
390,Ostrovnoy,68.0531,39.5131,50.0,95,100,11.27,RU,2022-07-20 01:47:51
391,Fairbanks,64.8378,-147.7164,55.36,88,100,6.91,US,2022-07-20 01:50:02
392,Zhigansk,66.7697,123.3711,49.69,61,74,19.44,RU,2022-07-20 01:52:35
393,Berlevag,70.8578,29.0864,54.91,84,100,4.9,NO,2022-07-20 01:52:36
394,Carauari,-4.8828,-66.8958,76.98,71,70,1.01,BR,2022-07-20 01:52:36
395,Chapais,49.7834,-74.8492,55.6,77,23,5.53,CA,2022-07-20 01:52:36
396,Ust-Tsilma,65.441,52.1498,68.23,57,44,8.48,RU,2022-07-20 01:52:37
397,Ilulissat,69.2167,-51.1,42.84,85,100,4.65,GL,2022-07-20 01:52:37
398,Esil,51.9556,66.4042,71.49,55,100,12.3,KZ,2022-07-20 01:52:37
399,Volodarskiy,46.4013,48.5409,66.15,37,99,7.96,RU,2022-07-20 01:52:37
400,Farsund,58.0948,6.8047,66.94,68,70,11.18,NO,2022-07-20 01:52:38
401,Aranda De Duero,41.6704,-3.6892,62.92,54,0,3.11,ES,2022-07-20 01:52:38
402,Maniitsoq,65.4167,-52.9,47.12,77,53,9.6,GL,2022-07-20 01:52:38
403,Ca Mau,9.1769,105.15,82.51,81,100,8.46,VN,2022-07-20 01:52:39
404,La Asuncion,11.0333,-63.8628,77.7,86,84,11.65,VE,2022-07-20 01:52:39
405,Leningradskiy,69.3833,178.4167,34.57,97,100,21.79,RU,2022-07-20 01:52:39
406,Goderich,43.7501,-81.7165,72.91,88,99,1.14,CA,2022-07-20 01:52:40
407,Huarmey,-10.0681,-78.1522,62.24,85,16,10.0,PE,2022-07-20 01:52:40
408,Umm Kaddadah,13.6017,26.6876,79.81,64,19,15.03,SD,2022-07-20 01:52:40
409,Coos Bay,43.3665,-124.2179,73.31,91,100,11.5,US,2022-07-20 01:49:48
410,Grafton,42.207,-71.6856,81.12,73,0,9.22,US,2022-07-20 01:50:52
411,Felanitx,39.4696,3.1483,78.13,77,0,2.59,ES,2022-07-20 01:53:41
412,Santiago De Cuba,20.0247,-75.8219,76.03,92,94,2.93,CU,2022-07-20 01:53:41
413,Flinders,-34.5833,150.8552,56.17,89,77,7.0,AU,2022-07-20 01:52:49
414,Souillac,-20.5167,57.5167,70.18,68,40,18.41,MU,2022-07-20 01:53:42
415,Linkou,45.3,130.2833,77.7,67,22,1.61,CN,2022-07-20 01:53:42
416,Santander,43.4647,-3.8044,67.6,100,98,1.99,ES,2022-07-20 01:53:42
417,Auki,-8.7676,160.7034,83.34,69,59,4.12,SB,2022-07-20 01:53:43
418,Farah,32.5,62.5,85.26,13,0,4.05,AF,2022-07-20 01:53:43
419,Hungund,16.0667,76.05,73.98,82,98,11.83,IN,2022-07-20 01:53:43
420,Sharjah,25.3573,55.4033,92.23,63,34,11.74,AE,2022-07-20 01:53:44
421,Carutapera,-1.195,-46.02,75.47,90,99,5.12,BR,2022-07-20 01:53:44
422,Hue,16.4667,107.6,86.11,70,20,3.44,VN,2022-07-20 01:53:44
423,Port-Gentil,-0.7193,8.7815,74.59,82,97,10.25,GA,2022-07-20 01:53:45
424,Arcata,40.8665,-124.0828,64.13,82,75,8.05,US,2022-07-20 01:52:39
425,Muncar,-8.4333,114.3333,79.0,70,85,6.82,ID,2022-07-20 01:53:45
426,Kamaishi,39.2667,141.8833,75.69,89,82,7.34,JP,2022-07-20 01:53:45
427,Sao Raimundo Nonato,-9.0153,-42.6994,72.0,51,3,4.5,BR,2022-07-20 01:53:46
428,Buraydah,26.326,43.975,82.85,14,0,6.55,SA,2022-07-20 01:53:46
429,Chegdomyn,51.1167,133.0167,59.31,97,100,0.76,RU,2022-07-20 01:53:46
430,Frontera,26.9333,-101.45,92.73,31,17,10.29,MX,2022-07-20 01:53:47
431,George,-33.963,22.4617,49.55,93,100,5.75,ZA,2022-07-20 01:53:47
432,Hambantota,6.1241,81.1185,77.34,100,40,2.3,LK,2022-07-20 01:53:47
433,Micheweni,-4.9667,39.8333,75.16,74,37,16.82,TZ,2022-07-20 01:53:48
434,Talcahuano,-36.7167,-73.1167,47.88,93,75,5.75,CL,2022-07-20 01:53:48
435,Luanda,-8.8368,13.2343,68.0,94,75,6.91,AO,2022-07-20 01:53:48
436,Taltal,-25.4,-70.4833,58.86,76,13,4.38,CL,2022-07-20 01:53:49
437,Imeni Poliny Osipenko,52.4201,136.4853,56.46,96,100,6.55,RU,2022-07-20 01:53:49
438,Bryan,30.6744,-96.37,94.68,51,0,17.27,US,2022-07-20 01:49:01
439,Egvekinot,66.3167,-179.1667,46.36,64,94,4.29,RU,2022-07-20 01:53:49
440,Opportunity,47.6499,-117.2399,88.03,23,0,1.99,US,2022-07-20 01:53:04
441,Merauke,-8.4667,140.3333,78.64,83,100,14.94,ID,2022-07-20 01:53:50
442,Tsaratanana,-16.7833,47.65,64.87,68,38,15.17,MG,2022-07-20 01:53:50
443,Saldanha,-33.0117,17.9442,54.23,74,0,15.41,ZA,2022-07-20 01:53:50
444,Salalah,17.0151,54.0924,75.97,97,100,12.59,OM,2022-07-20 01:53:51
445,Suining,30.508,105.5733,79.63,71,94,2.24,CN,2022-07-20 01:53:51
446,Riberalta,-10.9833,-66.1,72.93,56,6,3.24,BO,2022-07-20 01:53:51
447,Mount Isa,-20.7333,139.5,74.97,27,0,8.05,AU,2022-07-20 01:53:52
448,Oranjestad,12.524,-70.027,80.33,85,0,25.61,AW,2022-07-20 01:53:52
449,Mancio Lima,-7.6142,-72.8958,74.77,83,88,1.79,BR,2022-07-20 01:53:52
450,Avera,33.194,-82.5271,76.51,86,63,5.46,US,2022-07-20 01:53:53
451,Tongchuan,35.0806,109.0897,71.42,64,0,2.57,CN,2022-07-20 01:53:53
452,Krasnoselkup,65.7,82.4667,58.46,57,87,10.76,RU,2022-07-20 01:53:53
453,Trinidad,-14.8333,-64.9,73.44,52,5,2.46,BO,2022-07-20 01:53:54
454,Calatayud,41.3535,-1.6432,70.95,38,0,1.07,ES,2022-07-20 01:53:54
455,Storsteinnes,69.2408,19.2344,48.38,87,9,1.79,NO,2022-07-20 01:54:54
456,Tashigang,27.3331,91.5542,75.78,93,88,2.71,BT,2022-07-20 01:54:55
457,Te Anau,-45.4167,167.7167,41.02,97,100,2.46,NZ,2022-07-20 01:54:55
458,San Antonio,29.4241,-98.4936,101.26,51,0,1.99,US,2022-07-20 01:53:12
459,Laramie,41.3114,-105.5911,81.09,18,36,4.0,US,2022-07-20 01:53:03
460,Labuhan,-6.8844,112.2051,82.45,71,36,10.92,ID,2022-07-20 01:54:55
461,Saurimo,-9.6608,20.3916,57.63,43,9,4.7,AO,2022-07-20 01:54:56
462,Faya,18.3851,42.4509,66.72,51,100,5.61,SA,2022-07-20 01:54:56
463,Bosaso,11.2842,49.1816,88.0,42,93,17.54,SO,2022-07-20 01:54:56
464,Nyurba,63.2842,118.3319,55.18,72,100,9.15,RU,2022-07-20 01:54:57
465,Taoudenni,22.6783,-3.9836,89.15,44,5,6.55,ML,2022-07-20 01:54:57
466,Ambanja,-13.6833,48.45,62.94,69,0,4.21,MG,2022-07-20 01:54:57
467,Murgab,37.4966,61.9714,85.21,23,0,12.64,TM,2022-07-20 01:54:58
468,Broken Hill,-31.95,141.4333,48.7,62,82,12.28,AU,2022-07-20 01:54:58
469,Ossora,59.2353,163.0719,65.86,78,98,10.49,RU,2022-07-20 01:54:58
470,Pirovskoye,57.6267,92.2658,59.2,89,100,9.42,RU,2022-07-20 01:54:59
471,Kulhudhuffushi,6.6221,73.07,79.81,82,100,18.05,MV,2022-07-20 01:54:59
472,Aksehir,38.3575,31.4164,58.44,68,0,4.18,TR,2022-07-20 01:54:59
473,Itarema,-2.9248,-39.9167,78.31,83,48,11.18,BR,2022-07-20 01:55:00
474,Bafoulabe,13.8065,-10.8321,76.98,87,100,6.51,ML,2022-07-20 01:55:00
475,Barzas,55.7167,86.3167,59.05,88,99,6.58,RU,2022-07-20 01:55:00
476,Walvis Bay,-22.9575,14.5053,55.09,88,0,12.24,NA,2022-07-20 01:52:29
477,Bilibino,68.0546,166.4372,50.9,52,72,3.67,RU,2022-07-20 01:55:01
478,Beira,-19.8436,34.8389,68.13,92,1,3.98,MZ,2022-07-20 01:55:01
479,Oktyabrskoye,43.0645,44.7417,62.74,93,100,4.47,RU,2022-07-20 01:55:01
480,Tiarei,-17.5333,-149.3333,82.42,67,3,3.71,PF,2022-07-20 01:55:02
481,Namibe,-15.1961,12.1522,61.3,87,0,6.82,AO,2022-07-20 01:55:02
482,Teeli,51.0333,90.2333,57.97,52,19,1.97,RU,2022-07-20 01:55:02
483,Catabola,-12.15,17.2833,53.35,47,2,2.98,AO,2022-07-20 01:55:03
484,Cabinda,-5.55,12.2,69.31,94,10,4.03,AO,2022-07-20 01:55:03
485,Pafos,34.7667,32.4167,74.98,57,0,4.61,CY,2022-07-20 01:55:03
486,Kutum,14.2,24.6667,74.1,68,95,11.56,SD,2022-07-20 01:55:04
487,Satipo,-11.2522,-74.6386,71.04,83,92,2.08,PE,2022-07-20 01:55:04
488,Phan Thiet,10.9333,108.1,82.6,72,100,3.11,VN,2022-07-20 01:55:04
489,Popondetta,-8.7537,148.2534,89.87,47,92,5.17,PG,2022-07-20 01:55:05
490,Velden Am Worthersee,46.613,14.0413,69.21,77,0,1.79,AT,2022-07-20 01:55:05
491,Meiktila,20.8667,95.8667,83.66,66,100,14.23,MM,2022-07-20 01:55:05
492,Cervo,43.6702,-7.4101,63.97,84,100,7.23,ES,2022-07-20 01:55:06
493,Barra Patuca,15.8,-84.2833,80.04,82,92,8.72,HN,2022-07-20 01:55:06
494,Coahuayana,18.7333,-103.6833,80.28,85,51,2.95,MX,2022-07-20 01:55:06
495,Gari,59.4307,62.3497,62.37,96,95,5.84,RU,2022-07-20 01:55:07
496,Beipiao,41.7919,120.7792,85.19,47,53,2.24,CN,2022-07-20 01:55:07
497,Zhoucheng,35.9122,116.3117,71.91,90,100,7.54,CN,2022-07-20 01:55:07
498,Sainte-Rose,16.3324,-61.6979,77.18,94,0,3.44,GP,2022-07-20 01:55:08
499,Muroto,33.2833,134.15,80.17,78,88,7.16,JP,2022-07-20 01:55:08
500,Saint-Pierre,-21.3393,55.4781,70.29,58,0,2.3,RE,2022-07-20 01:55:08
501,Tatawin,32.9297,10.4518,74.57,63,0,4.38,TN,2022-07-20 01:55:09
502,Ancud,-41.8697,-73.8203,51.22,95,100,19.1,CL,2022-07-20 01:55:09
503,Point Pedro,9.8167,80.2333,81.0,77,85,8.95,LK,2022-07-20 01:56:09
504,Bagn,60.8225,9.5521,57.83,92,100,3.22,NO,2022-07-20 01:56:10
505,Bay City,43.5945,-83.8889,83.05,64,0,3.44,US,2022-07-20 01:53:48
506,Nieuwpoort,51.1244,2.7735,71.46,72,40,16.11,BE,2022-07-20 01:56:10
507,Manutuke,-38.6833,177.9167,56.71,99,100,4.68,NZ,2022-07-20 01:56:11
508,Puerto Suarez,-18.95,-57.8,73.35,50,97,0.31,BO,2022-07-20 01:52:57
509,Khandyga,62.6667,135.6,81.57,44,99,3.31,RU,2022-07-20 01:56:11
510,Numaligarh,26.6333,93.75,77.63,96,100,1.1,IN,2022-07-20 01:56:11
511,Amapa,1.0,-52.0,71.8,99,100,1.95,BR,2022-07-20 01:56:12
512,Chernoistochinsk,57.7364,59.8719,58.68,94,54,8.52,RU,2022-07-20 01:56:12
513,Lengshuijiang,27.6881,111.4294,85.78,79,100,4.92,CN,2022-07-20 01:56:12
514,Piacabucu,-10.4056,-36.4344,72.37,84,0,7.25,BR,2022-07-20 01:56:13
515,Mahajanga,-15.7167,46.3167,62.62,67,20,3.44,MG,2022-07-20 01:52:24
516,Zonguldak,41.25,31.8333,54.01,92,0,2.1,TR,2022-07-20 01:56:13
517,Ballinrobe,53.6333,-9.2333,59.22,89,32,6.51,IE,2022-07-20 01:56:13
518,Iracoubo,5.4802,-53.2011,76.89,85,78,9.33,GF,2022-07-20 01:56:14
519,Kaitangata,-46.2817,169.8464,44.8,78,100,5.97,NZ,2022-07-20 01:56:14
520,Khromtau,50.2503,58.4347,67.87,50,96,8.39,KZ,2022-07-20 01:56:14
521,Lacdayan,13.6,122.5333,85.8,71,100,3.27,PH,2022-07-20 01:56:15
522,Romny,50.751,33.4747,54.25,92,0,5.12,UA,2022-07-20 01:56:15
523,Binzhou,37.3667,118.0167,77.77,67,100,4.74,CN,2022-07-20 01:56:15
524,Marquette,46.5333,-87.6335,77.16,72,50,13.94,US,2022-07-20 01:52:47
525,Catamarca,-28.4696,-65.7852,53.08,54,6,8.43,AR,2022-07-20 01:56:16
526,Imbituba,-28.24,-48.6703,65.86,92,75,6.49,BR,2022-07-20 01:56:16
527,Mbandaka,0.0487,18.2603,68.68,99,100,3.22,CD,2022-07-20 01:56:16
528,Sheridan,44.8333,-106.9173,86.02,22,0,3.0,US,2022-07-20 01:56:17
529,Noumea,-22.2763,166.4572,75.99,99,97,4.29,NC,2022-07-20 01:56:17
530,San Ramon,37.7799,-121.978,93.65,60,0,6.51,US,2022-07-20 01:55:52
531,Nanzhou,29.3596,112.4024,77.56,93,98,4.79,CN,2022-07-20 01:56:18
532,Yaan,7.3833,8.5667,71.65,91,99,6.71,NG,2022-07-20 01:56:18
533,Jos,9.9167,8.9,63.23,95,68,4.7,NG,2022-07-20 01:56:18
534,Halifax,44.6453,-63.5724,73.29,91,20,9.22,CA,2022-07-20 01:55:30
535,Adrar,20.5022,-10.0711,91.81,8,5,9.08,MR,2022-07-20 01:56:19
536,Kalisz,51.7611,18.091,66.09,53,54,3.96,PL,2022-07-20 01:56:19
537,Shakiso,5.75,38.9167,56.23,96,100,1.63,ET,2022-07-20 01:56:19
538,Marawi,7.9986,124.2928,80.96,64,49,2.33,PH,2022-07-20 01:56:20
539,Ozerne,50.1782,28.7338,54.91,94,7,6.35,UA,2022-07-20 01:56:20
540,Aleksandrovsk-Sakhalinskiy,50.8975,142.1561,67.69,74,100,4.63,RU,2022-07-20 01:56:20
541,Alausi,-2.2,-78.8333,45.64,83,54,10.31,EC,2022-07-20 01:56:21
542,Camana,-16.6228,-72.7111,62.13,83,49,6.06,PE,2022-07-20 01:56:21
543,Placido De Castro,-10.3353,-67.1856,75.88,52,27,2.91,BR,2022-07-20 01:56:21
544,Manga,11.6636,-1.0731,73.9,85,96,8.72,BF,2022-07-20 01:56:21
545,Larap,14.299,122.6504,87.66,69,99,8.3,PH,2022-07-20 01:56:22
546,Atambua,-9.1061,124.8925,78.84,52,74,0.54,ID,2022-07-20 01:56:22
547,Chokwe,-24.5333,32.9833,66.79,80,45,5.79,MZ,2022-07-20 01:56:22
548,Kirakira,-10.4544,161.9205,84.79,69,12,6.51,SB,2022-07-20 01:56:23
549,Kahului,20.8947,-156.47,80.96,80,4,11.99,US,2022-07-20 01:54:12
550,Opuwo,-18.0607,13.84,53.87,50,0,3.6,NA,2022-07-20 01:56:23
551,Mpraeso,6.5932,-0.7346,62.49,92,16,3.44,GH,2022-07-20 01:56:24
552,Aykhal,66.0,111.5,51.98,69,52,16.33,RU,2022-07-20 01:57:24
553,Lasa,46.6166,10.7002,66.36,89,66,1.92,IT,2022-07-20 01:57:24
554,Sioux Lookout,50.1001,-91.917,73.47,78,100,4.61,CA,2022-07-20 01:57:25
555,Beidao,34.5686,105.8933,75.72,59,0,0.54,CN,2022-07-20 01:57:25
556,Naryan-Mar,67.6713,53.087,64.2,66,9,15.64,RU,2022-07-20 01:57:25
557,Aban,56.67,96.06,60.84,83,98,10.56,RU,2022-07-20 01:57:26
558,Meulaboh,4.1363,96.1285,80.13,71,45,3.02,ID,2022-07-20 01:57:26
559,Vostok,46.4856,135.8833,70.05,84,96,1.86,RU,2022-07-20 01:57:26
560,Domoni,-12.2569,44.5319,73.76,80,37,10.04,KM,2022-07-20 01:57:27
561,Almaznyy,48.0448,40.045,57.83,58,2,4.68,RU,2022-07-20 01:57:27
562,Zhezkazgan,47.8043,67.7144,69.78,30,20,8.95,KZ,2022-07-20 01:57:27
563,Saint Anthony,45.0205,-93.218,81.9,43,0,5.99,US,2022-07-20 01:57:27
564,Muzhi,65.3667,64.6667,62.76,63,2,6.02,RU,2022-07-20 01:57:28
565,Xinzhi,36.4989,111.7047,75.56,61,55,2.28,CN,2022-07-20 01:57:28
566,Kerrobert,51.9168,-109.1348,78.85,69,53,5.68,CA,2022-07-20 01:57:28
567,Sandovo,58.4602,36.4128,50.09,97,33,6.29,RU,2022-07-20 01:57:29
568,Oranjemund,-28.55,16.4333,52.38,87,0,14.34,NA,2022-07-20 01:57:29
569,Okato,-39.2,173.8833,55.69,85,30,6.73,NZ,2022-07-20 01:57:29
570,Kharp,66.8014,65.8081,65.62,55,12,8.61,RU,2022-07-20 01:57:30
571,Sal Rei,16.1833,-22.9167,76.08,89,81,10.13,CV,2022-07-20 01:57:30
572,Tautira,-17.7333,-149.15,76.93,69,4,4.14,PF,2022-07-20 01:56:51
573,Boa Vista,2.8197,-60.6733,82.38,69,20,3.44,BR,2022-07-20 01:55:08
574,Tanout,14.9709,8.8879,80.78,59,4,7.87,NE,2022-07-20 01:57:31
575,Baringo,0.4667,35.9667,66.74,61,99,7.78,KE,2022-07-20 01:57:31
576,Valdivia,-39.8142,-73.2459,50.09,97,100,7.29,CL,2022-07-20 01:57:31
577,Taksimo,56.3444,114.8794,74.19,63,89,1.97,RU,2022-07-20 01:57:31
578,Tecoanapa,16.5167,-98.75,82.33,83,41,6.78,MX,2022-07-20 01:57:32
579,Jevargi,17.0167,76.7667,75.94,81,77,12.1,IN,2022-07-20 01:57:32
580,Christchurch,-43.5333,172.6333,47.91,95,100,1.99,NZ,2022-07-20 01:57:32
